{
  "model_path": "data/models/xgb_model_20250816_160016.pkl",
  "feature_columns": [
    "entry_timing_score",
    "exit_timing_score",
    "risk_mgmt_score",
    "pnl_ratio",
    "volatility",
    "market_condition",
    "volume_profile"
  ],
  "feature_importance": {
    "entry_timing_score": 0.02094012312591076,
    "exit_timing_score": 0.031967829912900925,
    "risk_mgmt_score": 0.2117186188697815,
    "pnl_ratio": 0.45441052317619324,
    "volatility": 0.22002024948596954,
    "market_condition": 0.0594375915825367,
    "volume_profile": 0.001505081309005618
  },
  "training_metrics": {
    "train_rmse": 0.34379809216557494,
    "test_rmse": 0.35613364611728215,
    "train_mae": 0.1520986557006836,
    "test_mae": 0.15845464169979095,
    "train_r2": 0.9298112988471985,
    "test_r2": 0.9247264862060547,
    "train_size": 160000,
    "test_size": 40000,
    "training_date": "2025-08-16T16:00:16.556613",
    "overfit_ratio": 0.005084812641143799
  },
  "model_config": {
    "algorithm": "xgboost",
    "auto_tuning": {
      "cv_folds": 3,
      "enabled": true,
      "n_trials": 20
    },
    "hyperparameters": {
      "colsample_bytree": 0.8,
      "learning_rate": 0.1,
      "max_depth": 4,
      "n_estimators": 100,
      "random_state": 42,
      "subsample": 0.8
    }
  }
}