{
  "model_path": "data/models/xgb_model_20250816_015504.pkl",
  "feature_columns": [
    "entry_timing_score",
    "exit_timing_score",
    "risk_mgmt_score",
    "pnl_ratio",
    "volatility",
    "market_condition",
    "volume_profile"
  ],
  "feature_importance": {
    "entry_timing_score": 0.05368954688310623,
    "exit_timing_score": 0.004379191901534796,
    "risk_mgmt_score": 0.10841656476259232,
    "pnl_ratio": 0.35400164127349854,
    "volatility": 0.13137930631637573,
    "market_condition": 0.3476763069629669,
    "volume_profile": 0.0004574330523610115
  },
  "training_metrics": {
    "train_rmse": 0.008609179320854542,
    "test_rmse": 0.01911201835158888,
    "train_mae": 0.005432029696030946,
    "test_mae": 0.007425774296645139,
    "train_r2": 0.9999563560639444,
    "test_r2": 0.9997871347464291,
    "train_size": 18920,
    "test_size": 4730,
    "training_date": "2025-08-16T01:55:04.515022",
    "overfit_ratio": 0.00016922131751528902
  },
  "model_config": {
    "algorithm": "xgboost",
    "hyperparameters": {
      "n_estimators": 300,
      "learning_rate": 0.05,
      "max_depth": 5,
      "subsample": 0.9,
      "colsample_bytree": 0.9,
      "random_state": 42
    },
    "auto_tuning": {
      "enabled": true,
      "n_trials": 100,
      "cv_folds": 5
    }
  }
}