{
  "model_path": "data/models/xgb_model_20250816_015253.pkl",
  "feature_columns": [
    "entry_timing_score",
    "exit_timing_score",
    "risk_mgmt_score",
    "pnl_ratio",
    "volatility",
    "market_condition",
    "volume_profile"
  ],
  "feature_importance": {
    "entry_timing_score": 0.03303246572613716,
    "exit_timing_score": 0.0060370066203176975,
    "risk_mgmt_score": 0.08066873997449875,
    "pnl_ratio": 0.2827413082122803,
    "volatility": 0.0883093997836113,
    "market_condition": 0.508768618106842,
    "volume_profile": 0.00044243442243896425
  },
  "training_metrics": {
    "train_rmse": 0.008870357993796955,
    "test_rmse": 0.04328293564822088,
    "train_mae": 0.006225999464575292,
    "test_mae": 0.01193578798422927,
    "train_r2": 0.9999560329292191,
    "test_r2": 0.9989040502672943,
    "train_size": 5803,
    "test_size": 1451,
    "training_date": "2025-08-16T01:52:53.111533",
    "overfit_ratio": 0.001051982661924744
  },
  "model_config": {
    "algorithm": "xgboost",
    "hyperparameters": {
      "n_estimators": 300,
      "learning_rate": 0.05,
      "max_depth": 5,
      "subsample": 0.9,
      "colsample_bytree": 0.9,
      "random_state": 42
    },
    "auto_tuning": {
      "enabled": true,
      "n_trials": 100,
      "cv_folds": 5
    }
  }
}