{
  "model_path": "data/models/xgb_model_20250816_212606.pkl",
  "feature_columns": [
    "entry_timing_score",
    "exit_timing_score",
    "risk_mgmt_score",
    "pnl_ratio",
    "volatility",
    "market_condition",
    "volume_profile"
  ],
  "feature_importance": {
    "entry_timing_score": 0.037864118814468384,
    "exit_timing_score": 0.0014041283866390586,
    "risk_mgmt_score": 0.08126526325941086,
    "pnl_ratio": 0.3394632637500763,
    "volatility": 0.13268718123435974,
    "market_condition": 0.40731605887413025,
    "volume_profile": 0.0
  },
  "training_metrics": {
    "train_rmse": 0.0059773339953711705,
    "test_rmse": 0.02313163760932537,
    "train_mae": 0.003966832589237607,
    "test_mae": 0.005616991862918789,
    "train_r2": 0.9999792334280868,
    "test_r2": 0.9996915103666673,
    "train_size": 80000,
    "test_size": 20000,
    "training_date": "2025-08-16T21:26:06.657476",
    "overfit_ratio": 0.0002877230614195536
  },
  "model_config": {
    "algorithm": "xgboost",
    "auto_tuning": {
      "cv_folds": 5,
      "enabled": true,
      "n_trials": 50
    },
    "hyperparameters": {
      "colsample_bytree": 0.8,
      "learning_rate": 0.1,
      "max_depth": 6,
      "n_estimators": 200,
      "random_state": 42,
      "subsample": 0.8
    },
    "large_dataset_config": {
      "max_depth": 8,
      "n_estimators": 500,
      "learning_rate": 0.05,
      "early_stopping_rounds": 50
    }
  }
}