{
  "model_path": "data/models/xgb_model_20250816_015120.pkl",
  "feature_columns": [
    "entry_timing_score",
    "exit_timing_score",
    "risk_mgmt_score",
    "pnl_ratio",
    "volatility",
    "market_condition",
    "volume_profile"
  ],
  "feature_importance": {
    "entry_timing_score": 0.036526620388031006,
    "exit_timing_score": 0.003606654005125165,
    "risk_mgmt_score": 0.07034412771463394,
    "pnl_ratio": 0.2689706087112427,
    "volatility": 0.08588668704032898,
    "market_condition": 0.5343908071517944,
    "volume_profile": 0.00027442965074442327
  },
  "training_metrics": {
    "train_rmse": 0.007579280758138688,
    "test_rmse": 0.05278377731759625,
    "train_mae": 0.005354175358881246,
    "test_mae": 0.013761589789093075,
    "train_r2": 0.9999679002812644,
    "test_r2": 0.9983701105479079,
    "train_size": 5803,
    "test_size": 1451,
    "training_date": "2025-08-16T01:51:20.943770",
    "overfit_ratio": 0.0015977897333564473
  },
  "model_config": {
    "algorithm": "xgboost",
    "hyperparameters": {
      "n_estimators": 300,
      "learning_rate": 0.05,
      "max_depth": 5,
      "subsample": 0.9,
      "colsample_bytree": 0.9,
      "random_state": 42
    },
    "auto_tuning": {
      "enabled": true,
      "n_trials": 100,
      "cv_folds": 5
    }
  }
}