{
  "model_path": "data/models/xgb_model_20250816_022953.pkl",
  "feature_columns": [
    "entry_timing_score",
    "exit_timing_score",
    "risk_mgmt_score",
    "pnl_ratio",
    "volatility",
    "market_condition",
    "volume_profile"
  ],
  "feature_importance": {
    "entry_timing_score": 0.04931964352726936,
    "exit_timing_score": 0.0009015629184432328,
    "risk_mgmt_score": 0.10428120940923691,
    "pnl_ratio": 0.37649524211883545,
    "volatility": 0.13267065584659576,
    "market_condition": 0.33628809452056885,
    "volume_profile": 4.369952148408629e-05
  },
  "training_metrics": {
    "train_rmse": 0.0071416532978001756,
    "test_rmse": 0.013194743972746914,
    "train_mae": 0.004111745722128533,
    "test_mae": 0.004845710235022741,
    "train_r2": 0.9999695915398856,
    "test_r2": 0.9998967579684414,
    "train_size": 95794,
    "test_size": 23949,
    "training_date": "2025-08-16T02:29:52.999579",
    "overfit_ratio": 7.283357144427516e-05
  },
  "model_config": {
    "algorithm": "xgboost",
    "auto_tuning": {
      "cv_folds": 5,
      "enabled": true,
      "n_trials": 100
    },
    "hyperparameters": {
      "colsample_bytree": 0.9,
      "learning_rate": 0.05,
      "max_depth": 5,
      "n_estimators": 300,
      "random_state": 42,
      "subsample": 0.9
    }
  }
}