{
  "model_path": "data/models/xgb_model_20250816_020026.pkl",
  "feature_columns": [
    "entry_timing_score",
    "exit_timing_score",
    "risk_mgmt_score",
    "pnl_ratio",
    "volatility",
    "market_condition",
    "volume_profile"
  ],
  "feature_importance": {
    "entry_timing_score": 0.05307380482554436,
    "exit_timing_score": 0.12486132234334946,
    "risk_mgmt_score": 0.05871796980500221,
    "pnl_ratio": 0.2573842406272888,
    "volatility": 0.13310769200325012,
    "market_condition": 0.37266525626182556,
    "volume_profile": 0.00018971541430801153
  },
  "training_metrics": {
    "train_rmse": 0.008823719551622543,
    "test_rmse": 0.023977020046332034,
    "train_mae": 0.005793456383817656,
    "test_mae": 0.007408536991181181,
    "train_r2": 0.9999541160770062,
    "test_r2": 0.9996567148942426,
    "train_size": 53315,
    "test_size": 13329,
    "training_date": "2025-08-16T02:00:26.627048",
    "overfit_ratio": 0.000297401182763668
  },
  "model_config": {
    "algorithm": "xgboost",
    "hyperparameters": {
      "n_estimators": 300,
      "learning_rate": 0.05,
      "max_depth": 5,
      "subsample": 0.9,
      "colsample_bytree": 0.9,
      "random_state": 42
    },
    "auto_tuning": {
      "enabled": true,
      "n_trials": 100,
      "cv_folds": 5
    }
  }
}