{
  "model_path": "data/models/xgb_model_20250816_181200.pkl",
  "feature_columns": [
    "entry_timing_score",
    "exit_timing_score",
    "risk_mgmt_score",
    "pnl_ratio",
    "volatility",
    "market_condition",
    "volume_profile"
  ],
  "feature_importance": {
    "entry_timing_score": 0.03607495129108429,
    "exit_timing_score": 0.002688661217689514,
    "risk_mgmt_score": 0.10148745775222778,
    "pnl_ratio": 0.39337316155433655,
    "volatility": 0.13007377088069916,
    "market_condition": 0.3362007439136505,
    "volume_profile": 0.00010124449909199029
  },
  "training_metrics": {
    "train_rmse": 0.00900002011750232,
    "test_rmse": 0.025668330017386887,
    "train_mae": 0.004981995560228825,
    "test_mae": 0.0061950585804879665,
    "train_r2": 0.9999527335166931,
    "test_r2": 0.999610424041748,
    "train_size": 80000,
    "test_size": 20000,
    "training_date": "2025-08-16T18:12:00.512134",
    "overfit_ratio": 0.00034230947494506836
  },
  "model_config": {
    "algorithm": "xgboost",
    "auto_tuning": {
      "cv_folds": 5,
      "enabled": true,
      "n_trials": 50
    },
    "hyperparameters": {
      "colsample_bytree": 0.8,
      "learning_rate": 0.1,
      "max_depth": 6,
      "n_estimators": 200,
      "random_state": 42,
      "subsample": 0.8
    },
    "large_dataset_config": {
      "max_depth": 8,
      "n_estimators": 500,
      "learning_rate": 0.05,
      "early_stopping_rounds": 50
    }
  }
}