source,trades,total_pnl,win_rate
backtest_BTCUSDT_20250816_021701.csv,7125,17620.795413637647,55.2
backtest_BTCUSDT_20250816_021755.csv,1,20.0,100.0
backtest_ETHUSDT_20250816_021705.csv,7523,34691.88860190505,61.331915459258276
backtest_ETHUSDT_20250816_021844.csv,1,20.0,100.0
